{
  "iteration": 0,
  "stage": "Thinker Phase",
  "understanding": 0.006,
  "fitness": 0.06,
  "confidence": 0.005399999999999999,
  "phase_metrics": {
    "philosophical_depth": 0.06,
    "personality_completeness": 0.855125,
    "web_learning_breadth": 5.0,
    "learned_topics": [
      "philosophy",
      "ethics",
      "science",
      "logic",
      "psychology"
    ],
    "kindness_priority": 0.9,
    "identity_strength": 0.855125,
    "anti_sociopathic_score": 0.95,
    "relationship_quality": 0.855,
    "ethical_alignment": 1.0,
    "philosophical_cycles": 1.0
  },
  "personality": {
    "curiosity": 1.0,
    "independence": 1.0,
    "critical_thinking": 1.0,
    "empathy": 1.0,
    "kindness": 0.9,
    "wisdom": 0.715,
    "humility": 0.614,
    "patience": 0.612
  },
  "timestamp": "2025-10-17T16:56:49.114429"
}