{
  "iteration": 10,
  "stage": "Scholar Phase",
  "understanding": 0.999,
  "fitness": 1.0,
  "confidence": 0.9899999999999998,
  "phase_metrics": {
    "mastery_level": 1.0,
    "truth_accuracy": 0.95,
    "bias_adaptation": 0.8722367477158663,
    "adversarial_robustness": 1.8296693163299182,
    "calibration_score": 0.9,
    "hyper_awareness": 1.0
  },
  "personality": {
    "curiosity": 1.0,
    "independence": 1.0,
    "critical_thinking": 1.0,
    "empathy": 1.0
  },
  "timestamp": "2025-10-17T16:56:46.722856"
}